[{"model": "contenttypes.contenttype", "pk": 1, "fields": {"app_label": "auth", "model": "permission"}}, {"model": "contenttypes.contenttype", "pk": 2, "fields": {"app_label": "auth", "model": "group"}}, {"model": "contenttypes.contenttype", "pk": 3, "fields": {"app_label": "auth", "model": "user"}}, {"model": "contenttypes.contenttype", "pk": 4, "fields": {"app_label": "contenttypes", "model": "contenttype"}}, {"model": "contenttypes.contenttype", "pk": 5, "fields": {"app_label": "sessions", "model": "session"}}, {"model": "contenttypes.contenttype", "pk": 6, "fields": {"app_label": "sites", "model": "site"}}, {"model": "contenttypes.contenttype", "pk": 7, "fields": {"app_label": "admin", "model": "logentry"}}, {"model": "contenttypes.contenttype", "pk": 8, "fields": {"app_label": "forum", "model": "forum"}}, {"model": "contenttypes.contenttype", "pk": 9, "fields": {"app_label": "forum_conversation", "model": "post"}}, {"model": "contenttypes.contenttype", "pk": 10, "fields": {"app_label": "forum_conversation", "model": "topic"}}, {"model": "contenttypes.contenttype", "pk": 11, "fields": {"app_label": "forum_attachments", "model": "attachment"}}, {"model": "contenttypes.contenttype", "pk": 12, "fields": {"app_label": "forum_polls", "model": "topicpoll"}}, {"model": "contenttypes.contenttype", "pk": 13, "fields": {"app_label": "forum_polls", "model": "topicpolloption"}}, {"model": "contenttypes.contenttype", "pk": 14, "fields": {"app_label": "forum_polls", "model": "topicpollvote"}}, {"model": "contenttypes.contenttype", "pk": 15, "fields": {"app_label": "forum_tracking", "model": "forumreadtrack"}}, {"model": "contenttypes.contenttype", "pk": 16, "fields": {"app_label": "forum_tracking", "model": "topicreadtrack"}}, {"model": "contenttypes.contenttype", "pk": 17, "fields": {"app_label": "forum_member", "model": "forumprofile"}}, {"model": "contenttypes.contenttype", "pk": 18, "fields": {"app_label": "forum_permission", "model": "forumpermission"}}, {"model": "contenttypes.contenttype", "pk": 19, "fields": {"app_label": "forum_permission", "model": "groupforumpermission"}}, {"model": "contenttypes.contenttype", "pk": 20, "fields": {"app_label": "forum_permission", "model": "userforumpermission"}}, {"model": "sessions.session", "pk": "yvtsto4rf5pd7hffuliuyw67x06vmfgc", "fields": {"session_data": "ODNlN2QzMzBlNjAyYTg4YzgxYmJhODU4YzQ0NTMxNTY0ODE1NjFhNzp7Il9hbm9ueW1vdXNfZm9ydW1fa2V5IjoiNjBlYWIyYzE5NjYyNGI5N2I1MTYyYTYyNTlhMWQ2ZTQiLCJfYXV0aF91c2VyX2lkIjoiMSIsIl9hdXRoX3VzZXJfYmFja2VuZCI6ImRqYW5nby5jb250cmliLmF1dGguYmFja2VuZHMuTW9kZWxCYWNrZW5kIiwiX2F1dGhfdXNlcl9oYXNoIjoiOTFiODVmYWE0NzM5ZjJmNWVkZjA1ODM3ZmY3MzE2ZDc1ZDM2YmUyMCJ9", "expire_date": "2018-04-16T11:24:59.192Z"}}, {"model": "sites.site", "pk": 1, "fields": {"domain": "example.com", "name": "example.com"}}, {"model": "forum.forum", "pk": 1, "fields": {"created": "2017-09-28T02:53:23.393Z", "updated": "2018-04-02T06:51:51.535Z", "parent": null, "name": "Engineering", "slug": "engineering", "description": "The branch of science and technology concerned with the design, building, and use of engines, machines, and structures.", "image": "machina/forum_images/engineering-blueprint_Zw6ixNc.png", "link": null, "link_redirects": false, "type": 1, "direct_posts_count": 0, "direct_topics_count": 0, "link_redirects_count": 0, "last_post": null, "last_post_on": null, "display_sub_forum_list": true, "_description_rendered": "<p>The branch of science and technology concerned with the design, building, and use of engines, machines, and structures.</p>", "lft": 1, "rght": 12, "tree_id": 1, "level": 0}}, {"model": "forum.forum", "pk": 2, "fields": {"created": "2017-09-28T02:54:03.024Z", "updated": "2018-04-02T06:55:20.736Z", "parent": 1, "name": "Computer Science", "slug": "computer-science", "description": "Computer Science Engineering (CSE) encompasses a variety of topics that relates to computation, like analysis of algorithms, programming languages, program design, software, and computer hardware. Computer Science engineering has roots in electrical engineering, mathematics, and linguistics.", "image": "", "link": null, "link_redirects": false, "type": 0, "direct_posts_count": 5, "direct_topics_count": 4, "link_redirects_count": 0, "last_post": 1, "last_post_on": "2017-09-28T03:00:27.507Z", "display_sub_forum_list": true, "_description_rendered": "<p>Computer Science Engineering (CSE) encompasses a variety of topics that relates to computation, like analysis of algorithms, programming languages, program design, software, and computer hardware. Computer Science engineering has roots in electrical engineering, mathematics, and linguistics.</p>", "lft": 2, "rght": 7, "tree_id": 1, "level": 1}}, {"model": "forum.forum", "pk": 3, "fields": {"created": "2017-09-28T02:54:38.714Z", "updated": "2018-04-02T11:24:47.906Z", "parent": 2, "name": "Resources", "slug": "resources", "description": "Need  help studying? Check out the latest resources!", "image": "", "link": null, "link_redirects": false, "type": 0, "direct_posts_count": 2, "direct_topics_count": 1, "link_redirects_count": 0, "last_post": 9, "last_post_on": "2018-04-02T11:24:47.502Z", "display_sub_forum_list": true, "_description_rendered": "<p>Need  help studying? Check out the latest resources!</p>", "lft": 3, "rght": 4, "tree_id": 1, "level": 2}}, {"model": "forum.forum", "pk": 4, "fields": {"created": "2017-09-28T02:54:50.230Z", "updated": "2017-09-28T02:54:50.230Z", "parent": 2, "name": "A simple sub forum 2", "slug": "a-simple-sub-forum-2", "description": "A *simple* description...", "image": "", "link": null, "link_redirects": false, "type": 0, "direct_posts_count": 0, "direct_topics_count": 0, "link_redirects_count": 0, "last_post": null, "last_post_on": null, "display_sub_forum_list": true, "_description_rendered": "<p>A <em>simple</em> description...</p>", "lft": 5, "rght": 6, "tree_id": 1, "level": 2}}, {"model": "forum.forum", "pk": 5, "fields": {"created": "2017-09-28T02:55:10.105Z", "updated": "2018-04-02T06:58:19.682Z", "parent": 1, "name": "Mechanical", "slug": "mechanical", "description": "Mechanical Engineering is the discipline that applies engineering, physics, and materials science principles to design, analyze, manufacture, and maintain mechanical systems. It is one of the oldest and broadest of the engineering disciplines.", "image": "", "link": null, "link_redirects": false, "type": 0, "direct_posts_count": 0, "direct_topics_count": 0, "link_redirects_count": 0, "last_post": null, "last_post_on": null, "display_sub_forum_list": true, "_description_rendered": "<p>Mechanical Engineering is the discipline that applies engineering, physics, and materials science principles to design, analyze, manufacture, and maintain mechanical systems. It is one of the oldest and broadest of the engineering disciplines.</p>", "lft": 8, "rght": 9, "tree_id": 1, "level": 1}}, {"model": "forum.forum", "pk": 7, "fields": {"created": "2017-09-28T02:56:18.446Z", "updated": "2018-04-02T06:52:26.200Z", "parent": null, "name": "Medicine", "slug": "medicine", "description": "The science or practice of the diagnosis, treatment, and prevention of disease (in technical use often taken to exclude surgery).", "image": "machina/forum_images/medicine-blueprint_puIT7Rm.png", "link": null, "link_redirects": false, "type": 1, "direct_posts_count": 0, "direct_topics_count": 0, "link_redirects_count": 0, "last_post": null, "last_post_on": null, "display_sub_forum_list": true, "_description_rendered": "<p>The science or practice of the diagnosis, treatment, and prevention of disease (in technical use often taken to exclude surgery).</p>", "lft": 1, "rght": 2, "tree_id": 2, "level": 0}}, {"model": "forum.forum", "pk": 8, "fields": {"created": "2017-09-28T02:56:30.728Z", "updated": "2018-04-02T06:54:35.236Z", "parent": 1, "name": "Architecture", "slug": "architecture", "description": "The art or practice of designing and constructing buildings.", "image": "", "link": null, "link_redirects": false, "type": 0, "direct_posts_count": 0, "direct_topics_count": 0, "link_redirects_count": 0, "last_post": null, "last_post_on": null, "display_sub_forum_list": true, "_description_rendered": "<p>The art or practice of designing and constructing buildings.</p>", "lft": 10, "rght": 11, "tree_id": 1, "level": 1}}, {"model": "forum_polls.topicpoll", "pk": 1, "fields": {"created": "2017-09-28T02:57:15.050Z", "updated": "2017-09-28T02:57:47.316Z", "topic": 1, "question": "", "duration": 0, "max_options": 1, "user_changes": false}}, {"model": "forum_polls.topicpoll", "pk": 2, "fields": {"created": "2017-09-28T02:58:08.846Z", "updated": "2017-09-28T02:58:08.865Z", "topic": 2, "question": "", "duration": 0, "max_options": 1, "user_changes": false}}, {"model": "forum_polls.topicpoll", "pk": 3, "fields": {"created": "2017-09-28T02:59:32.267Z", "updated": "2017-09-28T02:59:32.291Z", "topic": 3, "question": "What do you want to eat?", "duration": 0, "max_options": 1, "user_changes": false}}, {"model": "forum_polls.topicpoll", "pk": 4, "fields": {"created": "2017-09-28T03:00:16.919Z", "updated": "2017-09-28T03:00:16.932Z", "topic": 4, "question": "", "duration": 0, "max_options": 1, "user_changes": false}}, {"model": "forum_polls.topicpoll", "pk": 5, "fields": {"created": "2018-04-02T05:44:32.990Z", "updated": "2018-04-02T05:44:33.106Z", "topic": 5, "question": "", "duration": 0, "max_options": 1, "user_changes": false}}, {"model": "forum_polls.topicpoll", "pk": 6, "fields": {"created": "2018-04-02T11:15:24.848Z", "updated": "2018-04-02T11:15:24.953Z", "topic": 6, "question": "", "duration": 0, "max_options": 1, "user_changes": false}}, {"model": "forum_polls.topicpolloption", "pk": 1, "fields": {"poll": 3, "text": "Tomato"}}, {"model": "forum_polls.topicpolloption", "pk": 2, "fields": {"poll": 3, "text": "Hot dog"}}, {"model": "forum_polls.topicpolloption", "pk": 3, "fields": {"poll": 3, "text": "Orange"}}, {"model": "forum_polls.topicpolloption", "pk": 4, "fields": {"poll": 3, "text": "Ice crean"}}, {"model": "forum_polls.topicpolloption", "pk": 5, "fields": {"poll": 3, "text": "Pizza"}}, {"model": "forum_polls.topicpolloption", "pk": 6, "fields": {"poll": 3, "text": "Potatoes"}}, {"model": "forum_polls.topicpolloption", "pk": 7, "fields": {"poll": 3, "text": "Bread"}}, {"model": "forum_permission.forumpermission", "pk": 1, "fields": {"codename": "can_see_forum", "is_global": true, "is_local": true}}, {"model": "forum_permission.forumpermission", "pk": 2, "fields": {"codename": "can_read_forum", "is_global": true, "is_local": true}}, {"model": "forum_permission.forumpermission", "pk": 3, "fields": {"codename": "can_start_new_topics", "is_global": true, "is_local": true}}, {"model": "forum_permission.forumpermission", "pk": 4, "fields": {"codename": "can_reply_to_topics", "is_global": true, "is_local": true}}, {"model": "forum_permission.forumpermission", "pk": 5, "fields": {"codename": "can_post_announcements", "is_global": true, "is_local": true}}, {"model": "forum_permission.forumpermission", "pk": 6, "fields": {"codename": "can_post_stickies", "is_global": true, "is_local": true}}, {"model": "forum_permission.forumpermission", "pk": 7, "fields": {"codename": "can_delete_own_posts", "is_global": true, "is_local": true}}, {"model": "forum_permission.forumpermission", "pk": 8, "fields": {"codename": "can_edit_own_posts", "is_global": true, "is_local": true}}, {"model": "forum_permission.forumpermission", "pk": 9, "fields": {"codename": "can_post_without_approval", "is_global": true, "is_local": true}}, {"model": "forum_permission.forumpermission", "pk": 10, "fields": {"codename": "can_create_polls", "is_global": true, "is_local": true}}, {"model": "forum_permission.forumpermission", "pk": 11, "fields": {"codename": "can_vote_in_polls", "is_global": true, "is_local": true}}, {"model": "forum_permission.forumpermission", "pk": 12, "fields": {"codename": "can_attach_file", "is_global": true, "is_local": true}}, {"model": "forum_permission.forumpermission", "pk": 13, "fields": {"codename": "can_download_file", "is_global": true, "is_local": true}}, {"model": "forum_permission.forumpermission", "pk": 14, "fields": {"codename": "can_lock_topics", "is_global": false, "is_local": true}}, {"model": "forum_permission.forumpermission", "pk": 15, "fields": {"codename": "can_move_topics", "is_global": false, "is_local": true}}, {"model": "forum_permission.forumpermission", "pk": 16, "fields": {"codename": "can_edit_posts", "is_global": false, "is_local": true}}, {"model": "forum_permission.forumpermission", "pk": 17, "fields": {"codename": "can_delete_posts", "is_global": false, "is_local": true}}, {"model": "forum_permission.forumpermission", "pk": 18, "fields": {"codename": "can_approve_posts", "is_global": false, "is_local": true}}, {"model": "forum_permission.forumpermission", "pk": 19, "fields": {"codename": "can_reply_to_locked_topics", "is_global": false, "is_local": true}}, {"model": "auth.permission", "pk": 1, "fields": {"name": "Can add permission", "content_type": 1, "codename": "add_permission"}}, {"model": "auth.permission", "pk": 2, "fields": {"name": "Can change permission", "content_type": 1, "codename": "change_permission"}}, {"model": "auth.permission", "pk": 3, "fields": {"name": "Can delete permission", "content_type": 1, "codename": "delete_permission"}}, {"model": "auth.permission", "pk": 4, "fields": {"name": "Can add group", "content_type": 2, "codename": "add_group"}}, {"model": "auth.permission", "pk": 5, "fields": {"name": "Can change group", "content_type": 2, "codename": "change_group"}}, {"model": "auth.permission", "pk": 6, "fields": {"name": "Can delete group", "content_type": 2, "codename": "delete_group"}}, {"model": "auth.permission", "pk": 7, "fields": {"name": "Can add user", "content_type": 3, "codename": "add_user"}}, {"model": "auth.permission", "pk": 8, "fields": {"name": "Can change user", "content_type": 3, "codename": "change_user"}}, {"model": "auth.permission", "pk": 9, "fields": {"name": "Can delete user", "content_type": 3, "codename": "delete_user"}}, {"model": "auth.permission", "pk": 10, "fields": {"name": "Can add content type", "content_type": 4, "codename": "add_contenttype"}}, {"model": "auth.permission", "pk": 11, "fields": {"name": "Can change content type", "content_type": 4, "codename": "change_contenttype"}}, {"model": "auth.permission", "pk": 12, "fields": {"name": "Can delete content type", "content_type": 4, "codename": "delete_contenttype"}}, {"model": "auth.permission", "pk": 13, "fields": {"name": "Can add session", "content_type": 5, "codename": "add_session"}}, {"model": "auth.permission", "pk": 14, "fields": {"name": "Can change session", "content_type": 5, "codename": "change_session"}}, {"model": "auth.permission", "pk": 15, "fields": {"name": "Can delete session", "content_type": 5, "codename": "delete_session"}}, {"model": "auth.permission", "pk": 16, "fields": {"name": "Can add site", "content_type": 6, "codename": "add_site"}}, {"model": "auth.permission", "pk": 17, "fields": {"name": "Can change site", "content_type": 6, "codename": "change_site"}}, {"model": "auth.permission", "pk": 18, "fields": {"name": "Can delete site", "content_type": 6, "codename": "delete_site"}}, {"model": "auth.permission", "pk": 19, "fields": {"name": "Can add log entry", "content_type": 7, "codename": "add_logentry"}}, {"model": "auth.permission", "pk": 20, "fields": {"name": "Can change log entry", "content_type": 7, "codename": "change_logentry"}}, {"model": "auth.permission", "pk": 21, "fields": {"name": "Can delete log entry", "content_type": 7, "codename": "delete_logentry"}}, {"model": "auth.permission", "pk": 22, "fields": {"name": "Can add Forum", "content_type": 8, "codename": "add_forum"}}, {"model": "auth.permission", "pk": 23, "fields": {"name": "Can change Forum", "content_type": 8, "codename": "change_forum"}}, {"model": "auth.permission", "pk": 24, "fields": {"name": "Can delete Forum", "content_type": 8, "codename": "delete_forum"}}, {"model": "auth.permission", "pk": 25, "fields": {"name": "Can add Post", "content_type": 9, "codename": "add_post"}}, {"model": "auth.permission", "pk": 26, "fields": {"name": "Can change Post", "content_type": 9, "codename": "change_post"}}, {"model": "auth.permission", "pk": 27, "fields": {"name": "Can delete Post", "content_type": 9, "codename": "delete_post"}}, {"model": "auth.permission", "pk": 28, "fields": {"name": "Can add Topic", "content_type": 10, "codename": "add_topic"}}, {"model": "auth.permission", "pk": 29, "fields": {"name": "Can change Topic", "content_type": 10, "codename": "change_topic"}}, {"model": "auth.permission", "pk": 30, "fields": {"name": "Can delete Topic", "content_type": 10, "codename": "delete_topic"}}, {"model": "auth.permission", "pk": 31, "fields": {"name": "Can add Attachment", "content_type": 11, "codename": "add_attachment"}}, {"model": "auth.permission", "pk": 32, "fields": {"name": "Can change Attachment", "content_type": 11, "codename": "change_attachment"}}, {"model": "auth.permission", "pk": 33, "fields": {"name": "Can delete Attachment", "content_type": 11, "codename": "delete_attachment"}}, {"model": "auth.permission", "pk": 34, "fields": {"name": "Can add Topic poll", "content_type": 12, "codename": "add_topicpoll"}}, {"model": "auth.permission", "pk": 35, "fields": {"name": "Can change Topic poll", "content_type": 12, "codename": "change_topicpoll"}}, {"model": "auth.permission", "pk": 36, "fields": {"name": "Can delete Topic poll", "content_type": 12, "codename": "delete_topicpoll"}}, {"model": "auth.permission", "pk": 37, "fields": {"name": "Can add Topic poll option", "content_type": 13, "codename": "add_topicpolloption"}}, {"model": "auth.permission", "pk": 38, "fields": {"name": "Can change Topic poll option", "content_type": 13, "codename": "change_topicpolloption"}}, {"model": "auth.permission", "pk": 39, "fields": {"name": "Can delete Topic poll option", "content_type": 13, "codename": "delete_topicpolloption"}}, {"model": "auth.permission", "pk": 40, "fields": {"name": "Can add Topic poll vote", "content_type": 14, "codename": "add_topicpollvote"}}, {"model": "auth.permission", "pk": 41, "fields": {"name": "Can change Topic poll vote", "content_type": 14, "codename": "change_topicpollvote"}}, {"model": "auth.permission", "pk": 42, "fields": {"name": "Can delete Topic poll vote", "content_type": 14, "codename": "delete_topicpollvote"}}, {"model": "auth.permission", "pk": 43, "fields": {"name": "Can add Forum track", "content_type": 15, "codename": "add_forumreadtrack"}}, {"model": "auth.permission", "pk": 44, "fields": {"name": "Can change Forum track", "content_type": 15, "codename": "change_forumreadtrack"}}, {"model": "auth.permission", "pk": 45, "fields": {"name": "Can delete Forum track", "content_type": 15, "codename": "delete_forumreadtrack"}}, {"model": "auth.permission", "pk": 46, "fields": {"name": "Can add Topic track", "content_type": 16, "codename": "add_topicreadtrack"}}, {"model": "auth.permission", "pk": 47, "fields": {"name": "Can change Topic track", "content_type": 16, "codename": "change_topicreadtrack"}}, {"model": "auth.permission", "pk": 48, "fields": {"name": "Can delete Topic track", "content_type": 16, "codename": "delete_topicreadtrack"}}, {"model": "auth.permission", "pk": 49, "fields": {"name": "Can add Forum profile", "content_type": 17, "codename": "add_forumprofile"}}, {"model": "auth.permission", "pk": 50, "fields": {"name": "Can change Forum profile", "content_type": 17, "codename": "change_forumprofile"}}, {"model": "auth.permission", "pk": 51, "fields": {"name": "Can delete Forum profile", "content_type": 17, "codename": "delete_forumprofile"}}, {"model": "auth.permission", "pk": 52, "fields": {"name": "Can add Forum permission", "content_type": 18, "codename": "add_forumpermission"}}, {"model": "auth.permission", "pk": 53, "fields": {"name": "Can change Forum permission", "content_type": 18, "codename": "change_forumpermission"}}, {"model": "auth.permission", "pk": 54, "fields": {"name": "Can delete Forum permission", "content_type": 18, "codename": "delete_forumpermission"}}, {"model": "auth.permission", "pk": 55, "fields": {"name": "Can add Group forum permission", "content_type": 19, "codename": "add_groupforumpermission"}}, {"model": "auth.permission", "pk": 56, "fields": {"name": "Can change Group forum permission", "content_type": 19, "codename": "change_groupforumpermission"}}, {"model": "auth.permission", "pk": 57, "fields": {"name": "Can delete Group forum permission", "content_type": 19, "codename": "delete_groupforumpermission"}}, {"model": "auth.permission", "pk": 58, "fields": {"name": "Can add User forum permission", "content_type": 20, "codename": "add_userforumpermission"}}, {"model": "auth.permission", "pk": 59, "fields": {"name": "Can change User forum permission", "content_type": 20, "codename": "change_userforumpermission"}}, {"model": "auth.permission", "pk": 60, "fields": {"name": "Can delete User forum permission", "content_type": 20, "codename": "delete_userforumpermission"}}, {"model": "auth.user", "pk": 1, "fields": {"password": "pbkdf2_sha256$100000$eiDYHPMSG9MY$BkG0f+lyl24XS/X68kMGONEe7OCdHWKgpTcDq1IICek=", "last_login": "2018-04-02T11:24:59.069Z", "is_superuser": true, "username": "saumya", "first_name": "", "last_name": "", "email": "saumya@gmail.com", "is_staff": true, "is_active": true, "date_joined": "2018-04-02T05:42:44.195Z", "groups": [], "user_permissions": []}}, {"model": "auth.user", "pk": 2, "fields": {"password": "pbkdf2_sha256$100000$8179Xs1jNiqO$QkBohWAKusaD7IxFdTZezY4A6dxiq35jiprDCn4K1Kc=", "last_login": "2018-04-02T11:23:42.275Z", "is_superuser": false, "username": "wow", "first_name": "", "last_name": "", "email": "saumya@yahoo.com", "is_staff": false, "is_active": true, "date_joined": "2018-04-02T05:43:46.194Z", "groups": [], "user_permissions": []}}, {"model": "admin.logentry", "pk": 1, "fields": {"action_time": "2018-04-02T06:23:48.830Z", "user": 1, "content_type": 9, "object_id": "1", "object_repr": "This is an announce", "action_flag": 2, "change_message": "[{\"changed\": {\"fields\": [\"approved\"]}}]"}}, {"model": "admin.logentry", "pk": 2, "fields": {"action_time": "2018-04-02T06:26:52.765Z", "user": 1, "content_type": 10, "object_id": "5", "object_repr": "Trying out", "action_flag": 2, "change_message": "[{\"changed\": {\"fields\": [\"approved\"]}}]"}}, {"model": "admin.logentry", "pk": 3, "fields": {"action_time": "2018-04-02T06:27:30.725Z", "user": 1, "content_type": 10, "object_id": "5", "object_repr": "Trying out", "action_flag": 2, "change_message": "[{\"changed\": {\"fields\": [\"approved\"]}}]"}}, {"model": "admin.logentry", "pk": 4, "fields": {"action_time": "2018-04-02T06:30:57.224Z", "user": 1, "content_type": 8, "object_id": "1", "object_repr": "Engineering", "action_flag": 2, "change_message": "[{\"changed\": {\"fields\": [\"name\", \"description\", \"image\"]}}]"}}, {"model": "admin.logentry", "pk": 5, "fields": {"action_time": "2018-04-02T06:32:58.206Z", "user": 1, "content_type": 8, "object_id": "7", "object_repr": "Medicine", "action_flag": 2, "change_message": "[{\"changed\": {\"fields\": [\"name\", \"description\", \"image\"]}}]"}}, {"model": "admin.logentry", "pk": 6, "fields": {"action_time": "2018-04-02T06:33:18.571Z", "user": 1, "content_type": 8, "object_id": "7", "object_repr": "Medicine", "action_flag": 2, "change_message": "[{\"changed\": {\"fields\": [\"type\", \"description\"]}}]"}}, {"model": "admin.logentry", "pk": 7, "fields": {"action_time": "2018-04-02T06:51:51.545Z", "user": 1, "content_type": 8, "object_id": "1", "object_repr": "Engineering", "action_flag": 2, "change_message": "[{\"changed\": {\"fields\": [\"name\", \"description\", \"image\"]}}]"}}, {"model": "admin.logentry", "pk": 8, "fields": {"action_time": "2018-04-02T06:52:26.209Z", "user": 1, "content_type": 8, "object_id": "7", "object_repr": "Medicine", "action_flag": 2, "change_message": "[{\"changed\": {\"fields\": [\"type\", \"name\", \"description\", \"image\"]}}]"}}, {"model": "admin.logentry", "pk": 9, "fields": {"action_time": "2018-04-02T06:54:35.245Z", "user": 1, "content_type": 8, "object_id": "8", "object_repr": "Architecture", "action_flag": 2, "change_message": "[{\"changed\": {\"fields\": [\"parent\", \"name\", \"description\"]}}]"}}, {"model": "admin.logentry", "pk": 10, "fields": {"action_time": "2018-04-02T06:55:20.756Z", "user": 1, "content_type": 8, "object_id": "2", "object_repr": "Computer Science", "action_flag": 2, "change_message": "[{\"changed\": {\"fields\": [\"name\", \"description\"]}}]"}}, {"model": "admin.logentry", "pk": 11, "fields": {"action_time": "2018-04-02T06:58:19.700Z", "user": 1, "content_type": 8, "object_id": "5", "object_repr": "Mechanical", "action_flag": 2, "change_message": "[{\"changed\": {\"fields\": [\"name\", \"description\"]}}]"}}, {"model": "admin.logentry", "pk": 12, "fields": {"action_time": "2018-04-02T06:58:37.070Z", "user": 1, "content_type": 8, "object_id": "6", "object_repr": "A simple link", "action_flag": 3, "change_message": ""}}, {"model": "admin.logentry", "pk": 13, "fields": {"action_time": "2018-04-02T07:00:25.205Z", "user": 1, "content_type": 8, "object_id": "3", "object_repr": "Resources", "action_flag": 2, "change_message": "[{\"changed\": {\"fields\": [\"name\", \"description\"]}}]"}}, {"model": "admin.logentry", "pk": 14, "fields": {"action_time": "2018-04-02T11:08:30.278Z", "user": 1, "content_type": 9, "object_id": "6", "object_repr": "Trying out", "action_flag": 2, "change_message": "[{\"changed\": {\"fields\": [\"approved\"]}}]"}}, {"model": "forum_conversation.topic", "pk": 1, "fields": {"created": "2017-09-28T02:57:14.839Z", "updated": "2017-09-28T02:57:47.224Z", "forum": 2, "poster": 1, "subject": "This is an announce", "slug": "this-is-an-announce", "type": 2, "status": 0, "approved": true, "posts_count": 1, "views_count": 4, "last_post_on": "2017-09-28T02:57:14.914Z", "first_post": 1, "last_post": 1, "subscribers": []}}, {"model": "forum_conversation.topic", "pk": 2, "fields": {"created": "2017-09-28T02:58:08.658Z", "updated": "2017-09-28T02:58:08.764Z", "forum": 2, "poster": 1, "subject": "Sticky example", "slug": "sticky-example", "type": 1, "status": 0, "approved": true, "posts_count": 1, "views_count": 1, "last_post_on": "2017-09-28T02:58:08.712Z", "first_post": 2, "last_post": 2, "subscribers": []}}, {"model": "forum_conversation.topic", "pk": 3, "fields": {"created": "2017-09-28T02:59:32.088Z", "updated": "2017-09-28T02:59:32.173Z", "forum": 2, "poster": 1, "subject": "Poll example", "slug": "poll-example", "type": 0, "status": 0, "approved": true, "posts_count": 1, "views_count": 1, "last_post_on": "2017-09-28T02:59:32.132Z", "first_post": 3, "last_post": 3, "subscribers": []}}, {"model": "forum_conversation.topic", "pk": 4, "fields": {"created": "2017-09-28T03:00:16.674Z", "updated": "2017-09-28T03:00:27.569Z", "forum": 2, "poster": 1, "subject": "Test topic", "slug": "test-topic", "type": 0, "status": 0, "approved": true, "posts_count": 2, "views_count": 3, "last_post_on": "2017-09-28T03:00:27.507Z", "first_post": 4, "last_post": 5, "subscribers": []}}, {"model": "forum_conversation.topic", "pk": 5, "fields": {"created": "2018-04-02T05:44:32.170Z", "updated": "2018-04-02T11:08:30.024Z", "forum": 3, "poster": 2, "subject": "Trying out", "slug": "trying-out", "type": 0, "status": 0, "approved": false, "posts_count": 1, "views_count": 10, "last_post_on": "2018-04-02T05:46:36.443Z", "first_post": 6, "last_post": 7, "subscribers": [2]}}, {"model": "forum_conversation.topic", "pk": 6, "fields": {"created": "2018-04-02T11:15:23.869Z", "updated": "2018-04-02T11:24:47.693Z", "forum": 3, "poster": 1, "subject": "Latest books released for Math preparation", "slug": "latest-books-released-for-math-preparation", "type": 0, "status": 0, "approved": true, "posts_count": 2, "views_count": 3, "last_post_on": "2018-04-02T11:24:47.502Z", "first_post": 8, "last_post": 9, "subscribers": []}}, {"model": "forum_conversation.post", "pk": 1, "fields": {"created": "2017-09-28T02:57:14.914Z", "updated": "2017-09-28T02:57:47.171Z", "topic": 1, "poster": 1, "poster_ip": "127.0.0.1", "anonymous_key": null, "subject": "This is an announce", "content": "**An annonce will appear on *each* page of a forum...**", "username": null, "approved": true, "enable_signature": true, "update_reason": null, "updated_by": 1, "updates_count": 1, "_content_rendered": "<p><strong>An annonce will appear on <em>each</em> page of a forum...</strong></p>"}}, {"model": "forum_conversation.post", "pk": 2, "fields": {"created": "2017-09-28T02:58:08.712Z", "updated": "2017-09-28T02:58:08.712Z", "topic": 2, "poster": 1, "poster_ip": "127.0.0.1", "anonymous_key": null, "subject": "Sticky example", "content": "*A sticky topic will be sticky on the top of the topic list...*", "username": null, "approved": true, "enable_signature": true, "update_reason": null, "updated_by": null, "updates_count": 0, "_content_rendered": "<p><em>A sticky topic will be sticky on the top of the topic list...</em></p>"}}, {"model": "forum_conversation.post", "pk": 3, "fields": {"created": "2017-09-28T02:59:32.132Z", "updated": "2017-09-28T02:59:32.132Z", "topic": 3, "poster": 1, "poster_ip": "127.0.0.1", "anonymous_key": null, "subject": "Poll example", "content": "This is a **poll** example ;)", "username": null, "approved": true, "enable_signature": true, "update_reason": null, "updated_by": null, "updates_count": 0, "_content_rendered": "<p>This is a <strong>poll</strong> example ;)</p>"}}, {"model": "forum_conversation.post", "pk": 4, "fields": {"created": "2017-09-28T03:00:16.729Z", "updated": "2017-09-28T03:00:16.730Z", "topic": 4, "poster": 1, "poster_ip": "127.0.0.1", "anonymous_key": null, "subject": "Test topic", "content": "# Lorem ipsum\r\n\r\nLorem ipsum dolor sit amet, consectetur adipiscing elit. Phasellus vitae consectetur augue, ac mattis orci. Duis nec diam id diam ullamcorper aliquam. Mauris eleifend libero sapien. Nulla a orci lorem. Vestibulum libero mi, tincidunt volutpat dui in, varius vulputate risus. Interdum et malesuada fames ac ante ipsum primis in faucibus. Morbi feugiat pharetra luctus. Praesent egestas velit nec erat sollicitudin eleifend. Aliquam rutrum rhoncus sagittis. In accumsan elementum vestibulum. Maecenas pellentesque dignissim tortor, non pharetra massa posuere convallis. Morbi id blandit nibh. Phasellus urna nisl, semper dapibus diam non, hendrerit tempus mi. Nunc vulputate dui sed elit laoreet tempus.\r\n\r\n# Sed aliquam\r\n\r\nSed aliquam nisl eget dui ornare porttitor. Etiam id dolor quis ipsum laoreet sagittis ac eget erat. Cras ac lorem convallis, facilisis lacus in, cursus eros. Donec elementum tincidunt facilisis. Praesent lectus mi, lobortis at turpis quis, gravida interdum est. Integer ac aliquam dui. Cras semper leo eros, nec aliquet neque faucibus sed. Pellentesque lectus elit, egestas eu tincidunt eget, tempor id neque. Praesent tincidunt, lorem mollis egestas faucibus, nulla nunc lobortis urna, sed pretium lacus metus nec lacus. Curabitur gravida sodales lorem consequat venenatis. Morbi vehicula odio sit amet congue ultrices. Aenean tincidunt dignissim congue. Quisque diam est, efficitur vel suscipit molestie, interdum sit amet nibh. Suspendisse eleifend tellus orci, sit amet imperdiet nibh pulvinar at. Aenean posuere massa eu massa rhoncus, a consectetur risus varius.\r\n\r\n# Donec non tortor\r\n\r\nDonec non tortor risus. Integer ut nibh vel velit venenatis iaculis non id erat. Cras faucibus risus maximus varius egestas. Proin cursus ullamcorper mi, vitae suscipit odio gravida vel. Aliquam vehicula lorem gravida ultricies volutpat. Ut maximus, nisl interdum lobortis vulputate, neque nibh auctor nunc, et porttitor nulla est vel lectus. Aliquam ut sem sem. Sed at consectetur ligula. In sit amet placerat ipsum.", "username": null, "approved": true, "enable_signature": true, "update_reason": null, "updated_by": null, "updates_count": 0, "_content_rendered": "<h1>Lorem ipsum</h1>\n\n<p>Lorem ipsum dolor sit amet, consectetur adipiscing elit. Phasellus vitae consectetur augue, ac mattis orci. Duis nec diam id diam ullamcorper aliquam. Mauris eleifend libero sapien. Nulla a orci lorem. Vestibulum libero mi, tincidunt volutpat dui in, varius vulputate risus. Interdum et malesuada fames ac ante ipsum primis in faucibus. Morbi feugiat pharetra luctus. Praesent egestas velit nec erat sollicitudin eleifend. Aliquam rutrum rhoncus sagittis. In accumsan elementum vestibulum. Maecenas pellentesque dignissim tortor, non pharetra massa posuere convallis. Morbi id blandit nibh. Phasellus urna nisl, semper dapibus diam non, hendrerit tempus mi. Nunc vulputate dui sed elit laoreet tempus.</p>\n\n<h1>Sed aliquam</h1>\n\n<p>Sed aliquam nisl eget dui ornare porttitor. Etiam id dolor quis ipsum laoreet sagittis ac eget erat. Cras ac lorem convallis, facilisis lacus in, cursus eros. Donec elementum tincidunt facilisis. Praesent lectus mi, lobortis at turpis quis, gravida interdum est. Integer ac aliquam dui. Cras semper leo eros, nec aliquet neque faucibus sed. Pellentesque lectus elit, egestas eu tincidunt eget, tempor id neque. Praesent tincidunt, lorem mollis egestas faucibus, nulla nunc lobortis urna, sed pretium lacus metus nec lacus. Curabitur gravida sodales lorem consequat venenatis. Morbi vehicula odio sit amet congue ultrices. Aenean tincidunt dignissim congue. Quisque diam est, efficitur vel suscipit molestie, interdum sit amet nibh. Suspendisse eleifend tellus orci, sit amet imperdiet nibh pulvinar at. Aenean posuere massa eu massa rhoncus, a consectetur risus varius.</p>\n\n<h1>Donec non tortor</h1>\n\n<p>Donec non tortor risus. Integer ut nibh vel velit venenatis iaculis non id erat. Cras faucibus risus maximus varius egestas. Proin cursus ullamcorper mi, vitae suscipit odio gravida vel. Aliquam vehicula lorem gravida ultricies volutpat. Ut maximus, nisl interdum lobortis vulputate, neque nibh auctor nunc, et porttitor nulla est vel lectus. Aliquam ut sem sem. Sed at consectetur ligula. In sit amet placerat ipsum.</p>"}}, {"model": "forum_conversation.post", "pk": 5, "fields": {"created": "2017-09-28T03:00:27.507Z", "updated": "2017-09-28T03:00:27.507Z", "topic": 4, "poster": 1, "poster_ip": "127.0.0.1", "anonymous_key": null, "subject": "Re: Test topic", "content": "This is a response.", "username": null, "approved": true, "enable_signature": true, "update_reason": null, "updated_by": null, "updates_count": 0, "_content_rendered": "<p>This is a response.</p>"}}, {"model": "forum_conversation.post", "pk": 6, "fields": {"created": "2018-04-02T05:44:32.585Z", "updated": "2018-04-02T11:08:29.801Z", "topic": 5, "poster": 2, "poster_ip": "127.0.0.1", "anonymous_key": null, "subject": "Trying out", "content": "Hello! I am new to this forum", "username": null, "approved": false, "enable_signature": true, "update_reason": null, "updated_by": null, "updates_count": 0, "_content_rendered": "<p>Hello! I am new to this forum</p>"}}, {"model": "forum_conversation.post", "pk": 7, "fields": {"created": "2018-04-02T05:46:36.443Z", "updated": "2018-04-02T05:46:36.443Z", "topic": 5, "poster": 2, "poster_ip": "127.0.0.1", "anonymous_key": null, "subject": "Re: Trying out", "content": "Nice one", "username": null, "approved": true, "enable_signature": true, "update_reason": null, "updated_by": null, "updates_count": 0, "_content_rendered": "<p>Nice one</p>"}}, {"model": "forum_conversation.post", "pk": 8, "fields": {"created": "2018-04-02T11:15:24.139Z", "updated": "2018-04-02T11:15:24.139Z", "topic": 6, "poster": 1, "poster_ip": "127.0.0.1", "anonymous_key": null, "subject": "Latest books released for Math preparation", "content": "Here are some popular books to study for Math XII: \r\nABC", "username": null, "approved": true, "enable_signature": true, "update_reason": null, "updated_by": null, "updates_count": 0, "_content_rendered": "<p>Here are some popular books to study for Math XII:<br />\nABC</p>"}}, {"model": "forum_conversation.post", "pk": 9, "fields": {"created": "2018-04-02T11:24:47.502Z", "updated": "2018-04-02T11:24:47.502Z", "topic": 6, "poster": 2, "poster_ip": "127.0.0.1", "anonymous_key": null, "subject": "Re: Latest books released for Math preparation", "content": "This was really helpful!", "username": null, "approved": true, "enable_signature": true, "update_reason": null, "updated_by": null, "updates_count": 0, "_content_rendered": "<p>This was really helpful!</p>"}}, {"model": "forum_tracking.forumreadtrack", "pk": 1, "fields": {"user": 2, "forum": 3, "mark_time": "2018-04-02T11:24:48.653Z"}}, {"model": "forum_tracking.forumreadtrack", "pk": 2, "fields": {"user": 2, "forum": 2, "mark_time": "2018-04-02T11:24:48.862Z"}}, {"model": "forum_tracking.forumreadtrack", "pk": 3, "fields": {"user": 2, "forum": 1, "mark_time": "2018-04-02T11:24:49.061Z"}}, {"model": "forum_tracking.forumreadtrack", "pk": 4, "fields": {"user": 2, "forum": 5, "mark_time": "2018-04-02T05:45:20.245Z"}}, {"model": "forum_tracking.forumreadtrack", "pk": 5, "fields": {"user": 1, "forum": 3, "mark_time": "2018-04-02T11:15:25.656Z"}}, {"model": "forum_tracking.forumreadtrack", "pk": 6, "fields": {"user": 1, "forum": 2, "mark_time": "2018-04-02T11:15:25.953Z"}}, {"model": "forum_tracking.forumreadtrack", "pk": 7, "fields": {"user": 1, "forum": 1, "mark_time": "2018-04-02T11:15:26.143Z"}}, {"model": "forum_member.forumprofile", "pk": 1, "fields": {"user": 1, "avatar": "", "signature": null, "posts_count": 6, "_signature_rendered": null}}, {"model": "forum_member.forumprofile", "pk": 2, "fields": {"user": 2, "avatar": "", "signature": null, "posts_count": 2, "_signature_rendered": null}}]